"year","Time","Latitude","Longitude","Max.Winds","SS","RMW","Central","States","Storm","month"
1851,"2100Z",28.2,-96.8,80,1,"---","-974","BTX1","---------------",6
1851,"2100Z",30.1,-85.7,100,3,"---","-950","AFL3,IGA1","""Great Middle Florida""",8
1852,"1200Z",23.8,-81.1,90,2,"---","-970","BFL2","---------------",8
1852,"0600Z",30.2,-88.6,100,3,"10","961","AL3,MS3,LA2,AFL1","""Great Mobile""",8
1852,"0000Z",28,-82.8,70,1,"---","-982","BFL1","---------------",9
1852,"2100Z",29.9,-84.4,90,2,"---","-965","AFL2,IGA1","""Middle Florida""",10
1853,"0600Z",30.9,-80.9,70,1,"---","-965","GA1","---------------",10
1854,"1200Z",26.2,-97,70,1,"---","-982","ATX1","---------------",6
1854,"2000Z",31.7,-81.1,100,3,"40","950","GA3,SC2,DFL1","""Great Carolina""",9
1854,"2100Z",28.9,-95.3,90,2,"---","-965","BTX2","""Matagorda""",9
1855,"0300Z",29.2,-89.5,110,3,"---","-945","LA3,MS3","""Middle Gulf Shore""",9
1856,"1800Z",29.2,-91.1,130,4,"10","934","LA4","""Last Island""",8
1856,"0600Z",30.2,-85.9,90,2,"---","-965","AFL2,IAL1,IGA1","""Southeastern States""",8
1857,"0000Z",33.9,-78,90,2,"---","961","NC2","---------------",9
1858,"1700Z",40.9,-72.2,80,1,"45","-976","NY1","""New England""",9
1858,"1800Z",41.4,-72,70,1,"45","979","CT1,RI1,MA1","""New England""",9
1859,"0000Z",30.3,-88.1,70,1,"---","-982","AL1,AFL1","---------------",9
1859,"1800Z",27.7,-82.8,80,1,"---","-974","BFL2,CFL1","---------------",10
1860,"2000Z",29.2,-90,110,3,"---","-945","LA3,MS3,AL2","---------------",8
1860,"0400Z",29.3,-89.6,90,2,"---","-965","LA2,MS2,AL1","---------------",9
1860,"1700Z",29.5,-91.4,90,2,"---","-965","LA2","---------------",10
1861,"0000Z",24.2,-82,70,1,"---","-978","BFL1","""Key West""",8
1861,"1700Z",34.5,-77.4,70,1,"---","-985","NC1","""Equinoctial""",9
1861,"1000Z",34.7,-76.6,70,1,"---","-985","NC1","""Expedition""",11
1865,"2100Z",29.8,-93.4,90,2,"---","-965","LA2,CTX1","""Sabine River""",9
1865,"1000Z",24.6,-81.7,90,2,"---","-969","BFL2","---------------",10
1865,"1400Z",25.4,-81.1,90,2,"---","-969","BFL2,CFL1","---------------",10
1866,"1200Z",28.5,-96.5,90,2,"---","-965","BTX2","---------------",7
1867,"1400Z",32.9,-79.7,70,1,"---","-985","SC1","---------------",6
1867,"1500Z",25.4,-97.1,70,1,"---","-969","ATX1","""Galveston""",10
1867,"1500Z",29.2,-91,90,2,"---","-965","LA2,CTX1","---------------",10
1867,"1500Z",29.6,-83.4,70,1,"---","-982","AFL1","---------------",10
1869,"0700Z",28.1,-96.8,90,2,"---","-965","BTX2","""Lower Texas Coast""",8
1869,"1200Z",29.2,-90,70,1,"---","-982","LA1","---------------",9
1869,"2100Z",41,-71.9,80,1,"30","963","NY1","""Eastern New England""",9
1869,"2200Z",41.4,-71.7,100,3,"30","965","RI3,MA3,CT1","""Eastern New England""",9
1869,"1900Z",41.3,-70.5,80,1,"30","-965","MA1","""Saxby's Gale""",10
1869,"2000Z",41.7,-70.4,80,1,"30","-965","MA1","""Saxby's Gale""",10
1869,"2300Z",43.7,-70.1,90,2,"30","-968","ME2","""Saxby's Gale""",10
1870,"1800Z",30.5,-88,70,1,"---","-982","AL1","""Mobile""",7
1870,"0500Z",24.6,-80.8,70,1,"---","-970","BFL1,CFL1","""Twin Key West (I)""",10
1870,"1400Z",24.7,-82.8,80,1,"---","-977","BFL1","""Twin Key West (II)""",10
1870,"2000Z",26,-81.6,80,1,"---","-977","BFL1","---------------",10
1871,"0200Z",27.1,-80.2,100,3,"30","955","CFL3,DFL1,AFL1","---------------",8
1871,"0500Z",27.6,-80.3,90,2,"---","-965","CFL2,DFL1","---------------",8
1871,"1400Z",29.2,-83,70,1,"---","-982","AFL1,BFL1","---------------",9
1873,"1500Z",29.9,-84.4,70,1,"---","-982","AFL1","---------------",9
1873,"0100Z",26.5,-82.2,100,3,"25","959","BFL3,CFL2,DFL1","---------------",10
1874,"0300Z",29.1,-82.9,70,1,"---","-982","AFL1","---------------",9
1874,"1800Z",32.8,-80,80,1,"---","981","SC1,NC1","---------------",9
1875,"2100Z",27.7,-97.2,100,3,"---","-955","BTX3,ATX2","---------------",9
1876,"1400Z",34.4,-77.6,80,1,"---","980","NC1,VA1","---------------",9
1876,"0500Z",25.8,-81.4,90,2,"---","973","BFL2,CFL1","---------------",10
1877,"1600Z",29.2,-91,70,1,"---","-982","LA1","---------------",9
1877,"2000Z",30.4,-86.6,70,1,"---","-982","AFL1","---------------",9
1877,"0500Z",30,-85.5,100,3,"---","-955","AFL3,IGA1","---------------",10
1878,"1100Z",28.6,-82.6,90,2,"---","-970","AFL2,BFL2,DFL1","---------------",9
1878,"1200Z",32.5,-80.4,80,1,"---","-976","SC1,GA1","---------------",9
1878,"0400Z",34.8,-77.1,90,2,"---","-963","NC2,VA1,MD1,DE1, NJ1,IPA1","---------------",10
1879,"1200Z",34.5,-76.8,100,3,"15","971","NC3,VA2","---------------",8
1879,"0600Z",41.4,-70.8,70,1,"---","984","MA1","---------------",8
1879,"0200Z",29.6,-94.4,90,2,"---","964","CTX2,LA2","---------------",8
1879,"1600Z",29.5,-91.4,110,3,"","-945","LA3","---------------",9
1880,"0100Z",25.8,-97,110,3,"10","931","ATX3","---------------",8
1880,"1200Z",28.2,-80.6,90,2,"---","972","CFL2,DFL1","---------------",8
1880,"0400Z",29.7,-84.8,70,1,"---","-982","AFL1","---------------",8
1880,"1000Z",34.7,-77.1,70,1,"---","987","NC1","---------------",9
1880,"1900Z",28.9,-82.7,70,1,"---","-982","AFL1","---------------",10
1881,"0200Z",31.7,-81.1,90,2,"15","970","GA2,SC1","---------------",8
1881,"1600Z",33.9,-78.1,90,2,"15","975","NC2","---------------",9
1882,"0200Z",30.4,-86.8,110,3,"---","949","AFL3,IAL1","---------------",9
1882,"0400Z",29.5,-83.3,70,1,"---","-985","AFL1","---------------",10
1883,"1300Z",33.9,-78.5,90,2,"---","-965","NC2,SC1","---------------",9
1885,"1200Z",32.6,-80.1,90,2,"---","970","SC2,NC1,GA1,DFL1","---------------",8
1886,"1600Z",29.6,-94.2,85,2,"---","-970","CTX2,LA2","---------------",6
1886,"1100Z",30.1,-84,85,2,"---","-970","AFL2,IGA1","---------------",6
1886,"2100Z",29.7,-85.2,85,2,"---","-970","AFL2,IGA1","---------------",6
1886,"0100Z",28.8,-82.7,70,1,"---","-982","AFL1","---------------",7
1886,"1300Z",28.1,-96.8,130,4,"15","925","BTX4","""Indianola""",8
1886,"0700Z",26,-97.2,80,1,"---","-973","ATX1,BTX1","---------------",9
1886,"2200Z",29.8,-93.5,105,3,"---","-950","LA3,CTX2","---------------",10
1887,"1500Z",30.4,-86.6,75,1,"---","-978","AFL1,IAL1","---------------",7
1887,"1200Z",35,-75,65,1,"---","-946","NC1","---------------",8
1887,"1700Z",26.1,-97.2,75,1,"40","973","ATX2","---------------",9
1887,"0200Z",29.1,-90.4,75,1,"---","-978","LA1","---------------",10
1888,"0600Z",28.7,-95.7,70,1,"---","-982","BTX1","---------------",6
1888,"1900Z",25.8,-80.1,110,3,"---","-945","CFL3,BFL1","---------------",8
1888,"1600Z",29.1,-90.7,95,2,"---","-960","LA2,IMS1","---------------",8
1888,"0100Z",29.2,-83.1,95,2,"10","970","AFL2,DFL1","---------------",10
1889,"0400Z",29.1,-89.8,70,1,"---","-982","LA1","---------------",9
1891,"2200Z",28.8,-95.5,80,1,"---","-974","BTX1,CTX1","---------------",7
1891,"1500Z",25.4,-80.2,70,1,"---","-985","CFL1","---------------",8
1893,"1200Z",40.7,-73.9,75,1,"30","986","NY1,CT1","""Midnight Storm""",8
1893,"0500Z",31.7,-81.1,100,3,"25","954","GA3,SC3,INC1,DFL1","""Sea Islands""",8
1893,"1400Z",29.2,-91.1,85,2,"---","-970","LA2","---------------",9
1893,"0800Z",29.3,-89.8,115,4,"10","948","LA4","""Chenier Caminanda""",10
1893,"1600Z",30.3,-88.9,85,2,"15","970","MS2,AL2","---------------",10
1893,"1300Z",33,-79.5,105,3,"15","955","SC3,NC2,IVA1","---------------",10
1894,"1100Z",24.7,-82,80,1,"---","985","BFL1","---------------",9
1894,"1900Z",26.5,-82,90,2,"---","-975","BFL2,DFL1","---------------",9
1894,"0700Z",32.3,-80.7,80,1,"---","-976","SC1","---------------",9
1894,"1200Z",37,-75,70,1,"---","-978","VA1","---------------",9
1894,"0300Z",30.2,-85.5,105,3,"---","-950","AFL3,IGA1","---------------",10
1894,"1500Z",40.7,-72.9,75,1,"---","-978","NY1,CT1,RI1","---------------",10
1895,"0400Z",25,-97.6,65,1,"---","-963","ATX1","---------------",8
1896,"1700Z",30.4,-86.5,85,2,"---","-970","AFL2","---------------",7
1896,"1300Z",41.2,-70.6,70,1,"30","-985","RI1,MA1","---------------",9
1896,"1100Z",29.2,-83.1,110,3,"15","960","AFL3,DFL3,GA2,SC1,INC1,IVA1","---------------",9
1897,"0500Z",29.7,-93.8,75,1,"---","-978","LA1,TX1","---------------",9
1898,"2300Z",29.7,-84.8,70,1,"---","-982","AFL1","---------------",8
1898,"0700Z",32.1,-80.8,75,1,"---","-980","GA1,SC1","---------------",8
1898,"1600Z",30.9,-81.4,115,4,"20","938","GA4,DFL2","---------------",10
1899,"1700Z",29.7,-84.7,85,2,"10","979","AFL2","---------------",8
1899,"0100Z",35.2,-75.8,105,3,"---","-945","NC3","---------------",8
1899,"0900Z",33.6,-79,95,2,"35","955","NC2,SC2","---------------",10
1900,"0200Z",29.1,-95.1,120,4,"15","936","CX4","""Galveston""",9
1901,"0700Z",36,-75.8,70,1,"---","-983","NC1","---------------",7
1901,"2100Z",29.3,-89.6,75,1,"---","-973","LA1","---------------",8
1901,"1700Z",30.4,-88.8,75,1,"35","973","MS1,AL1","---------------",8
1903,"2300Z",26.1,-80.1,75,1,"45","976","CFL1","---------------",9
1903,"2300Z",30.1,-85.6,80,1,"---","-974","AFL1","---------------",9
1903,"1100Z",39.1,-74.7,70,1,"---","990","NJ1,DE1","---------------",9
1904,"1300Z",33.1,-79.2,70,1,"---","-985","SC1","---------------",9
1904,"0800Z",25.3,-80.3,70,1,"---","-985","CFL1","---------------",10
1906,"0300Z",24.7,-81.1,70,1,"---","-986","BFL1,CFL1","---------------",6
1906,"0800Z",25.2,-80.7,75,1,"25","979","CFL1","---------------",6
1906,"2200Z",33.3,-79.2,80,1,"30","977","SC1,NC1","---------------",9
1906,"1100Z",30.2,-88.6,95,2,"45","958","MS2,AL2,AFL2,LA1","---------------",9
1906,"1000Z",24.7,-81.1,105,3,"10","953","BFL3,CFL3","---------------",10
1906,"1200Z",25.3,-80.7,105,3,"10","953","CFL3,BFL1","---------------",10
1908,"1100Z",34.6,-77.1,70,1,"---","-985","NC1","---------------",7
1909,"1700Z",26.1,-97.2,85,2,"---","972","ATX2","---------------",6
1909,"1700Z",28.9,-95.3,100,3,"20","959","CTX3","""Velasco""",7
1909,"2200Z",23.7,-97.7,65,1,"---","-955","ATX1","---------------",8
1909,"0000Z",29.5,-91.3,100,3,"30","952","LA3,MS2","""Grand Isle""",9
1909,"1800Z",24.7,-81,100,3,"20","957","BFL3,CFL3","---------------",10
1910,"2200Z",26.9,-97.4,90,2,"---","-965","ATX2","---------------",9
1910,"1900Z",24.6,-82.6,90,2,"---","941","BFL2","---------------",10
1910,"0600Z",26.5,-82,95,2,"30","955","BFL2","---------------",10
1911,"2200Z",30.3,-87.5,70,1,"---","-982","AFL1,AL1","---------------",8
1911,"1000Z",32.2,-80.7,85,2,"25","972","GA1,SC2","---------------",8
1912,"0800Z",30.3,-88.4,65,1,"50","-986","AL1,AFL1","---------------",9
1912,"1800Z",27.1,-97.4,85,2,"---","-970","ATX2","---------------",10
1913,"0100Z",27.1,-97.4,65,1,"---","-986","ATX1","---------------",6
1913,"0800Z",34.7,-76.6,75,1,"40","976","NC1","---------------",9
1913,"1400Z",33.1,-79.4,65,1,"---","-989","SC1","---------------",10
1915,"1800Z",28.7,-80.8,65,1,"15","990","DFL1","---------------",8
1915,"0700Z",29.2,-95.1,115,4,"25","940","CTX4,BTX1,LA1","""Galveston""",8
1915,"1100Z",30,-85.4,80,1,"25","982","AFL1","---------------",9
1915,"1800Z",29,-90.3,110,3,"20","944","LA3,MS2","""New Orleans""",9
1916,"2100Z",30.4,-88.4,105,3,"20","950","MS3,AL2,AFL2","---------------",7
1916,"0800Z",32.9,-79.5,95,2,"20","960","SC2","---------------",7
1916,"2200Z",27,-97.4,115,4,"25","932","ATX4","---------------",8
1916,"1400Z",30.4,-87.4,95,2,"20","970","AL2,AFL2","---------------",10
1917,"0200Z",30.4,-86.6,100,3,"40","949","AFL3,LA2,AL1","---------------",9
1918,"1800Z",29.8,-93.2,105,3,"10","-955","LA3,CTX1","---------------",8
1918,"2100Z",34.8,-76.8,65,1,"30","-988","NC1","---------------",8
1919,"0700Z",24.6,-82.9,130,4,"15","927","BFL4,CFL2","---------------",9
1919,"2100Z",27.2,-97.3,100,3,"35","950","ATX3,BTX3","---------------",9
1920,"0100Z",29.1,-90.8,85,2,"30","975","LA2","---------------",9
1921,"1800Z",28.5,-95.9,80,1,"15","980","BTX1,CTX1","---------------",6
1921,"2000Z",28.1,-82.8,100,3,"20","958","BFL3,AFL2,DFL1","""Tampa Bay""",10
1923,"0600Z",29.2,-91,70,1,"45","983","LA1,MS1","---------------",10
1924,"0400Z",35.5,-74.8,65,1,"35","963","NC1","---------------",8
1924,"1900Z",41.2,-70.2,65,1,"40","968","MA1","---------------",8
1924,"1400Z",29.7,-85.3,75,1,"---","980","AFL1","---------------",9
1924,"0100Z",25.8,-81.8,80,1,"20","975","BFL1,CFL1","---------------",10
1926,"1000Z",29,-80.8,90,2,"15","967","DFL2,CFL1","---------------",7
1926,"2300Z",29.2,-90.9,100,3,"20","955","LA3","---------------",8
1926,"1200Z",25.6,-80.3,125,4,"20","930","CFL4,BFL3","""Great Miami""",9
1926,"2200Z",30.3,-87.5,100,3,"15","955","AFL3,AL3,MS1","---------------",9
1926,"0300Z",25,-80.3,75,1,"20","949","BFL1,CFL1","---------------",10
1928,"0700Z",27.3,-80.2,85,2,"10","977","CFL2","---------------",8
1928,"0000Z",26.7,-80,125,4,"30","929","CFL4,BFL3,AFL1,DFL1","""Lake Okeechobee""",9
1928,"1900Z",32.5,-80.3,75,1,"35","977","GA1,SC1","---------------",9
1929,"2100Z",28.3,-96.4,80,1,"10","982","BTX1","---------------",6
1929,"1300Z",25,-80.5,100,3,"30","948","BFL3, CFL3","---------------",9
1929,"0400Z",30.2,-85.7,70,1,"---","975","AFL1","---------------",10
1932,"0400Z",29,-95.2,130,4,"10","935","CTX4,BTX1","""Freeport""",8
1932,"0500Z",30.2,-88.1,75,1,"---","979","AFL1,AL1,MS1","---------------",9
1933,"1600Z",27.1,-80.1,65,1,"---","988","CFL1","---------------",7
1933,"0100Z",25.8,-97.2,80,1,"25","975","ATX","---------------",8
1933,"1000Z",35.8,-75.6,80,1,"40","963","NC1,VA1,MD1","---------------",8
1933,"0400Z",26.1,-97.2,110,3,"20","-940","ATX3","---------------",9
1933,"0500Z",26.9,-80.1,110,3,"15","948","CF3","---------------",9
1933,"1200Z",35.2,-75.4,85,2,"40","952","NC2,VA1","---------------",9
1934,"1900Z",29.7,-91.7,85,2,"30","966","LA2","---------------",6
1934,"1700Z",28.1,-96.8,75,1,"25","-979","ATX1","---------------",7
1934,"1000Z",35.3,-75.3,65,1,"---","-975","NC1","---------------",9
1934,"2200Z",39.7,-73.4,65,1,"---","-984","NJ1","---------------",9
1934,"0200Z",40.7,-73,65,1,"---","-989","NY1","---------------",9
1935,"0200Z",24.8,-80.8,160,5,"5","892","CFL5, BFL5","""Labor Day""",9
1935,"2200Z",29.6,-83.4,85,2,"20","-965","AFL2, IGA1","""Labor Day""",9
1935,"1800Z",25.9,-80.1,85,2,"10","973","CFL2, BFL1","---------------",11
1936,"1600Z",27.9,-97,70,1,"5","987","BTX1","---------------",6
1936,"1400Z",30.4,-86.6,90,2,"20","964","AFL2, I-AL1","---------------",7
1936,"1000Z",35.6,-74.8,75,1,"35","964","NC1, VA1","---------------",9
1938,"0100Z",29.8,-93.4,65,1,"---","-995","LA1","---------------",8
1938,"2000Z",40.7,-72.9,105,3,"40","941","NY3","""Great New England""",9
1938,"2100Z",41.3,-72.9,100,3,"40","946","CT3, RI3, MA2","""Great New England""",9
1939,"2300Z",27.2,-80.2,65,1,"---","-987","CFL1","---------------",8
1939,"0600Z",30.4,-86.4,65,1,"---","985","AFL1","---------------",8
1940,"2100Z",29.7,-94.1,85,2,"10","972","CTX2, LA2","---------------",8
1940,"2000Z",32.1,-80.8,85,2,"25","972","SC2, GA1","---------------",8
1941,"2200Z",28.8,-95.6,110,3,"20","942","CTX3,BTX2","---------------",9
1941,"1000Z",25.5,-80.2,85,2,"10","980","CFL2,BFL1","---------------",10
1941,"1100Z",25.5,-80.3,85,2,"10","980","CFL2,BFL1","---------------",10
1941,"0900Z",29.9,-84.6,80,1,"20","982","AFL1,IGA1","---------------",10
1942,"1300Z",29.5,-94.6,65,1,"---","992","CTX1","---------------",8
1942,"0900Z",28.3,-96.6,100,3,"20","950","BTX3,CTX2","---------------",8
1943,"1800Z",29.5,-94.6,90,2,"15","967","CTX2","---------------",7
1944,"2300Z",33.9,-78.1,70,1,"10","985","NC1","---------------",8
1944,"1300Z",35.2,-75.3,90,2,"15","940","NC2,VA2","""Great Atlantic""",9
1944,"0200Z",40.9,-72.2,90,2,"30","954","NY2, NJ1","""Great Atlantic""",9
1944,"0400Z",41.4,-71.6,85,2,"30","957","RI2,CT1,MA1","""Great Atlantic""",9
1944,"2100Z",24.6,-82.9,105,3,"30","949","BFL3","---------------",10
1944,"0700Z",27.2,-82.5,90,2,"35","962","DFL1,AFL1","---------------",10
1945,"0800Z",28.6,-82.7,70,1,"---","-985","AFL1","---------------",6
1945,"1200Z",28.2,-96.7,100,3,"10","963","BTX3,ATX1,CTX1","---------------",8
1945,"1930Z",25.3,-80.3,115,4,"10","949","CFL4,BFL2,DFL1","---------------",9
1945,"2000Z",25.4,-80.4,115,4,"10","949","CFL4,BFL2,DFL1","---------------",9
1946,"0200Z",27.5,-82.6,75,1,"35","980","BFL1,AFL1","---------------",10
1947,"2200Z",29.2,-94.9,70,1,"---","984","CTX1","---------------",8
1947,"1630Z",26.1,-80.1,115,4,"15","943","CFL4,BFL2","---------------",9
1947,"1400Z",29.6,-89.5,95,2,"25","966","LA2,MS2","---------------",9
1947,"0200Z",25.4,-81.2,80,1,"---","975","BFL1,CFL1","---------------",10
1947,"1100Z",31.8,-80.9,90,2,"15","-965","GA2,SC2","---------------",10
1948,"0700Z",29.1,-90.5,70,1,"---","983","LA1","---------------",9
1948,"1700Z",24.6,-81.6,105,3,"10","955","BFL4,CFL2","---------------",9
1948,"0500Z",25.8,-81.3,115,4,"10","940","BFL4,CFL2","---------------",9
1948,"1800Z",24.7,-81.2,90,2,"15","-963","BFL2,CFL2","---------------",10
1949,"1200Z",34.3,-76.1,70,1,"25","977","NC1","---------------",8
1949,"2300Z",26.6,-80,115,4,"20","954","CFL4,BFL1,AFL1,DFL1,GA1","---------------",8
1949,"0500Z",28.8,-95.6,95,2,"15","965","CTX2,BTX1","---------------",10
1950,"0300Z",30.2,-88,75,1,"20","979","AL1, AFL1","Baker",8
1950,"0400Z",30.7,-87.9,75,1,"20","979","AL1,AFL1","Baker",8
1950,"1700Z",29.1,-82.8,105,3,"15","960","AFL3,BFL1","Easy",9
1950,"0400Z",28.5,-82.7,90,2,"---","-965","AFL3,BFL1","Easy",9
1950,"0500Z",25.7,-80.2,115,4,"5","955","CFL4,DFL1","King",10
1952,"0300Z",32.3,-80.6,85,2,"---","-980","SC2","Able",8
1953,"0300Z",35,-76.1,80,1,"---","-975","NC1","Barbara",8
1953,"0500Z",35.4,-76.1,75,1,"---","-978","NC1","Barbara",8
1953,"0900Z",36.1,-75.9,70,1,"---","-982","NC1","Barbara",8
1953,"1500Z",30.3,-86.2,80,1,"---","-975","AFL1","Florence",9
1953,"1500Z",26.7,-82.2,75,1,"---","-980","BFL1","Hazel",10
1953,"1600Z",26.7,-82.1,75,1,"---","-980","BFL1","Hazel",10
1954,"0300Z",35.4,-75.1,75,1,"25","960","NC1","Carol",8
1954,"1400Z",40.9,-72.2,100,3,"20","955","NY3","Carol",8
1954,"1500Z",41.3,-72,100,3,"20","957","CT3,RI3,MA2","Carol",8
1954,"0300Z",34.9,-74.4,65,1,"15","943","NC1","Edna",9
1954,"1830Z",41.4,-70.5,95,2,"25","950","MA2,NY1,RI1","Edna",9
1954,"1900Z",41.7,-70.3,95,2,"25","952","MA2,NY1,RI1","Edna",9
1954,"1930Z",41.9,-70.1,90,2,"25","954","MA2,NY1,RI1","Edna",9
1954,"1530Z",33.9,-78.6,115,4,"20","938","SC4,NC4","Hazel",10
1955,"1500Z",34.7,-76.7,85,2,"30","962","NC2,VA1","Connie",8
1955,"1100Z",34.7,-76.7,90,2,"25","955","NC2","Ione",9
1956,"1000Z",29.1,-89.4,75,1,"20","980","LA1","Flossy",9
1956,"0000Z",30.4,-86.4,80,1,"20","974","AFL1","Flossy",9
1957,"1330Z",29.8,-93.7,110,3,"15","946","LA3,CTX2","Audrey",6
1958,"1800Z",33.9,-77.6,110,3,"20","938","NC3","Helene",9
1959,"0400Z",33,-79.6,65,1,"20","995","SC1","Cindy",7
1959,"0500Z",29.1,-95.2,75,1,"20","980","CTX1","Debra",7
1959,"1700Z",32.5,-80.4,115,4,"10","951","SC4","Gracie",9
1960,"0700Z",24.8,-80.9,125,4,"20","930","BFL4,CFL4","Donna",9
1960,"1600Z",25.9,-81.6,105,3,"20","942","BFL4,CFL4","Donna",9
1960,"0400Z",34.6,-77.3,90,2,"50","958","NC2,VA1","Donna",9
1960,"1900Z",40.7,-72.9,85,2,"50","959","NY2","Donna",9
1960,"2000Z",41.3,-72.4,80,1,"50","962","CT1,RI1,MA1","Donna",9
1960,"2100Z",30.4,-89,80,1,"20","980","LA1,MS1","Ethel",9
1961,"2000Z",28.3,-96.4,125,4,"20","931","BTX4, CTX3, ATX1","Carla",9
1964,"0800Z",25.8,-80.1,95,2,"10","968","CFL2","Cleo",8
1964,"0600Z",29.9,-81.3,95,2,"5","966","DFL2","Dora",9
1964,"2300Z",29.5,-91.5,90,2,"35","959","LA2","Hilda",10
1964,"2100Z",25.8,-81.4,90,2,"20","970","BFL2, CFL1","Isbell",10
1965,"1100Z",25,-80.5,100,3,"30","952","BFL3, CFL3","Betsy",9
1965,"0400Z",29.2,-90.1,115,4,"30","946","LA4","Betsy",9
1966,"1900Z",24.6,-82.7,100,3,"---","962","BFL3","Alma",6
1966,"2100Z",30.1,-84.2,75,1,"30","982","AFL1","Alma",6
1966,"1800Z",25,-80.5,85,2,"15","984","CFL2","Inez",10
1966,"2300Z",24.7,-81.3,85,2,"20","988","BFL2","Inez",10
1966,"0200Z",24.6,-81.8,85,2,"20","988","BFL2","Inez",10
1967,"1200Z",25.9,-97.2,100,3,"10","940","ATX3","Beulah",9
1968,"0400Z",28.7,-82.7,85,2,"10","978","AFL2, DFL1","Gladys",10
1968,"0600Z",34.3,-76.6,65,1,"10","985","NC1","Gladys",10
1969,"0400Z",30.3,-89.4,150,5,"5","900","MS5, LA5, AL1","Camille",8
1970,"2100Z",27.8,-97.1,120,4,"10","944","ATX4","Celia",8
1983,"0700Z",29.1,-95.1,100,3,"10","962","CTX3","Alicia",8
1984,"0700Z",33.9,-78,95,2,"15","979","NC2","Diana",9
1985,"0300Z",32.2,-80.5,65,1,"20","1003","SC1","Bob",7
1985,"1630Z",29.6,-92.7,80,1,"15","987","LA1","Danny",8
1985,"1300Z",30.4,-89.2,100,3,"10","959","AL3,MS3,AFL3","Elena",9
1985,"0530Z",35.2,-75.6,90,2,"15","942","NC3","Gloria",9
1985,"1600Z",40.6,-73.3,75,1,"10","961","NY3,CT2,NH2,ME1","Gloria",9
1985,"1100Z",29.5,-91.4,75,1,"15","971","LA1","Juan",10
1985,"2230Z",30,-85.4,85,2,"10","967","AFL2,IGA1","Kate",11
1986,"0900Z",29.5,-94.2,75,1,"10","990","CTX1","Bonnie",6
1986,"1400Z",34.7,-76.5,65,1,"15","990","NC1","Charley",8
1987,"2100Z",25.1,-80.5,65,1,"10","993","BFL","Floyd",10
1988,"2300Z",28.5,-89.3,70,1,"15","984","LA1","Florence",9
1989,"1300Z",29.6,-94.4,70,1,"15","986","CTX1","Chantal",8
1989,"0400Z",32.8,-79.8,120,4,"20","934","SC4,INC1","Hugo",9
1989,"0030Z",29.2,-95,75,1,"10","983","CTX1","Jerry",10
1991,"1720Z",41.2,-71.6,90,2,"25","962","RI2,MA2,NY2,CT2","Bob",8
1992,"0905Z",25.5,-80.3,145,5,"10","922","CFL5,BFL4","Andrew",8
1992,"0830Z",29.6,-91.5,100,3,"20","956","LA3","Andrew",8
1993,"2100Z",35.2,-75.1,100,3,"30","961","NC3","Emily",8
1995,"0615Z",27.7,-80.3,75,1,"40","984","CFL1","Erin",8
1995,"1330Z",30,-86.8,85,2,"15","---","AFL2","Erin",8
1995,"1600Z",30.3,-87.2,75,1,"10","973","AFL1","Erin",8
1995,"2200Z",30.3,-87.1,100,3,"50","942","AFL3,IAL1","Opal",10
1996,"2000Z",34.3,-77.8,90,2,"40","974","NC2","Betha",7
1996,"0030Z",33.9,-78,100,3,"40","954","NC3","Fran",9
1997,"0900Z",29.3,-89.7,65,1,"10","989","LA1","Danny",7
1997,"1000Z",30.2,-88.1,70,1,"10","984","LA1","Danny",7
1997,"1800Z",30.4,-87.9,65,1,"10","986","AL1","Danny",7
1998,"0400Z",34.4,-77.7,95,2,"60","964","NC2","Bonnie",8
1998,"0600Z",30.1,-85.7,70,1,"70","987","AFL1","Earl",9
1998,"1530Z",24.5,-81.8,90,2,"25","981","BFL2","Georges",9
1998,"1130Z",30.4,-88.9,90,2,"80","964","MS2","Georges",9
1999,"0000Z",26.9,-97.4,100,3,"10","951","ATX3","Bret",8
1999,"0630Z",33.8,-78,90,2,"35","956","NC2","Floyd",9
1999,"1300Z",24.6,-81.6,65,1,"30","987","BFL1","Irene",10
1999,"2000Z",25.3,-81.1,70,1,"40","987","BFL1","Irene",10
1999,"0600Z",34.8,-75.2,95,2,"30","964","NC2","Irene",10
2002,"1300Z",29.5,-92.2,80,1,"10","963","LA1","Lili",10
2003,"1530Z",28.3,-96.2,80,1,"15","979","BTX1","Claudette",7
2003,"1700Z",34.9,-76.2,90,2,"40","957","NC2","Isabel",9
2004,"1700Z",35.1,-75.4,70,1,"15","972","NC1","Alex",8
2004,"1945Z",26.6,-82.2,130,4,"5","941","BFL4","Charley",8
2004,"2045Z",26.9,-82.1,125,4,"5","942","BFL4,CFL1,DFL1","Charley",8
2004,"1400Z",33,-79.4,70,1,"20","992","SC1","Charley",8
2004,"1600Z",33.8,-78.7,65,1,"20","997","SC1","Charley",8
2004,"0430Z",27.2,-80.2,90,2,"30","960","CFL2,BFL1","Frances",9
2004,"1400Z",33,-79.6,65,1,"10","985","SC1","Gaston",8
2004,"0650Z",30.2,-87.9,105,3,"25","946","AL3,AFL3","Ivan",9
2004,"0400Z",27.2,-80.2,105,3,"45","950","CFL3,BFL1,AFL1","Jeanne",9
2005,"0300Z",29.2,-90.1,65,1,"20","991","LA1","Cindy",7
2005,"1930Z",30.4,-87.1,105,3,"5","946","AFL3,IAL1","Dennis",7
2005,"2230Z",26,-80.1,70,1,"15","984","CFL1,BFL1","Katrina",8
2005,"1110Z",29.3,-89.6,110,3,"20","920","LA3","Katrina",8
2005,"1445Z",30.2,-89.6,105,3,"20","928","LA3,MS3,AL1","Katrina",8
2005,"0600Z",34.5,-76.3,65,1,"---","982","NC1","Ophelia",9
2005,"0740Z",29.7,-93.7,100,3,"20","937","LA3,CTX2","Rita",9
2005,"1030Z",25.9,-81.7,105,3,"25","950","BFL3,CFL2","Wilma",10
2007,"0700Z",29.6,-94.3,80,1,"10","985","CTX1,LA1","Humberto",9
2008,"1820Z",26.4,-97.2,75,1,"10","967","ATX1","Dolly",7
2008,"2000Z",26.4,-97.4,70,1,"10","967","ATX1","Dolly",7
2008,"1500Z",29.2,-90.7,90,2,"25","954","LA2","Gustav",9
2008,"0700Z",29.3,-94.7,95,2,"30","950","CTX2,LA1","Ike",9
2011,"1200Z",34.7,-76.6,75,1,"45","952","NC1","Irene",8
2012,"0000Z",28.9,-89.4,70,1,"40","967","LA1","Isaac",8
2012,"0800Z",29.2,-90.2,70,1,"40","966","LA1","Isaac",8
2012,"2035Z",38.7,-73.9,65,1,"80","942","NY1","Sandy",10
2014,"0315Z",34.7,-76.6,85,2,"20","973","NC2","Arthur",7
2014,"0800Z",35.8,-75.5,85,2,"15","973","NC2","Arthur",7
2016,"0530Z",30.1,-84.1,70,1,"20","981","AFL1","Hermine",9
2016,"1500Z",33,-79.5,85,2,"---","963","DFL2, GA1, SC1, NC1","Matthew",10
2017,"0300Z",28,-96.9,115,4,"10","937","BTX4","Harvey",8
2017,"0600Z",28.2,-97.1,105,3,"10","948","BTX4","Harvey",8
2017,"1300Z",24.7,-81.5,115,4,"10","931","BFL4,CFL1","Irma",9
2017,"1930Z",25.9,-81.7,100,3,"15","936","BFL4,CFL1","Irma",9
2017,"0000Z",29.1,-89.2,75,1,"15","983","LA1","Nate",10
2017,"0520Z",30.4,-89,65,1,"20","984","MS1","Nate",10
2018,"1115Z",34.2,-77.8,80,1,"25","956","NC1","Florence",9
2018,"1730Z",30,-85.5,140,5,"10","919","AFL5,I-GA2,AL1","Michael",10
2019,"1500Z",29.6,-92.2,65,1,"40","993","LA1","Barry",7
2019,"1230Z",35.2,-75.6,85,2,"20","956","NC2","Dorian",9
2020,"2200Z",26.8,-97.3,80,1,"20","973","ATX1","Hanna",7
2020,"2315Z",26.7,-97.5,80,1,"20","974","ATX1","Hanna",7
2020,"0310Z",33.9,-78.5,80,1,"25","986","SC1,NC1","Isaias",8
2020,"0600Z",29.8,-93.3,130,4,"15","939","LA4,CTX1","Laura",8
2020,"0945Z",30.3,-87.7,95,2,"15","965","AFL2,AL2","Sally",9
2020,"2300Z",29.8,-93.1,85,2,"15","970","LA2","Delta",10
2020,"2100Z",29.2,-90.6,100,3,"20","970","LA3, MS2, I-AL1","Zeta",10
2021,"1655Z",29.1,-90.2,130,4,"10","931","LA4","Ida",8
2021,"0530Z",28.7,-95.7,65,1,"20","991","CTX1","Nicholas",9
2022,"1905Z",26.7,-82.2,130,4,"20","941","BFL4,NC1","Ian",9
2022,"0200Z",24.6,-82.9,110,3,"20","952","BFL3","Ian",9
2022,"1905Z",26.7,-82.2,130,4,"20","941","BFL4","Ian",9
2022,"2035Z",26.8,-82,125,4,"20","945","BFL4,ICFL1,DFL1","Ian",9
2022,"1805Z",33.3,-79.2,70,1,"40","978","SC1","Ian",9
2023,"1145Z",29.9,-83.6,100,3,"10","950","AFL3, IGA1","Idalia",8
